USER_ID,NAME,BIRTH_DATE,PROFILE_IMG,HEADER_IMG,USER_GENDER,REGISTER_TIMESTAMP,USER_EMAIL,HASHED_PASSWORD,ADDRESS,DESCRIPTION,COUNTRY
1,"""Rujiphart""",2001/07/19,"""https://i1.sndcdn.com/avatars-000436260870-5jfeyd-t500x500.jpg """,https://media.istockphoto.com/photos/flowers-on-the-shore-of-lake-geneva-picture-id1280003274?b=1&k=20&m=1280003274&s=170667a&w=0&h=bFSswo40EQIa6Ohj7iyXSXbo4Fh2Ud3fxGnFfzUsLqU=,M,2016/02/28 0:00:00,"""Rujiphartzaaa@gmail.com""","""900150983CD24FB0D6963F7D28E17F72""","""581 Soi 13 Samsen Wachira Phayaban""",Aok kai tong mee kon mhak aok hug tong mee khon mai.,TH
2,"""Phuriwat""",2002/06/05,"""https://st3.depositphotos.com/15648834/17930/v/600/depositphotos_179308454-stock-illustration-unknown-person-silhouette-glasses-profile.jpg""",https://images.unsplash.com/reserve/bOvf94dPRxWu0u3QsPjF_tree.jpg?ixid=MnwxMjA3fDB8MHxzZWFyY2h8M3x8bmF0dXJhbHxlbnwwfHwwfHw%3D&ixlib=rb-1.2.1&w=1000&q=80,M,2016/05/18 0:00:00,"""Phuriwathahaha@hotmail.com""","""4ED9407630EB1000C0F6B63842DEFA7D""","""Blk 102 Bt Purmei Rd #01-78 S()""",I love cat,SG
3,"""Bunradar""",2000/03/31,"""https://image.shutterstock.com/image-vector/female-silhoutte-avatar-default-profile-600w-1219366543.jpg""",https://assets.entrepreneur.com/content/3x2/2000/unlocking-business-ideas-hidden-natural-world.jpg,F,2016/09/18 8:30:00,"""BunradarBarrr@gmail.com""","""826BBC5D0522F5F20A1DA4B60FA8C871""",Mattenstrasse 72,BarrrBorrr,SZ
4,"""Waranat""",2000/01/11,"""https://cucans.in.th/wp-content/themes/cera/assets/images/avatars/user-avatar.png""",https://think.kera.org/wp-content/uploads/2020/05/shutterstock_750703924-800x500.jpg,M,2016/05/28 6:06:14,"""Waranatzzz@hotmail.com""","""699A474E923B8DA5D7AEFBFC54A8A2BD""",津田町小林7-10-10,Love horror movies,JP
5,"""Kanyanut""",1999/09/08,"""https://i.redd.it/v0caqchbtn741.jpg""",https://encrypted-tbn0.gstatic.com/images?q=tbn:ANd9GcQDjlBAvSLFtx_DxTS6Wq5aBVVJo7BHBJ4dXg&usqp=CAU,F,2016/03/10 16:40:11,"""Kanyanutkiki@gmail.com""","""D1CF6A6090003989122C4483ED135D55""",Incrocio Elda 1 Appartamento 67,I want to sleep,IT
6,"""Padon""",1999/08/10,"""https://1.bp.blogspot.com/-Muc21xaQjYg/XluhYO6f6vI/AAAAAAAAPJw/T51WnNCctz4Vxn_9REzJuftkznfuRGKUgCLcBGAsYHQ/s1600/whatsapp%2Bprofile%2Bpic%2B%25281%2529.jpg""",https://encrypted-tbn0.gstatic.com/images?q=tbn:ANd9GcSO_1YTSqj2XPJiYFFi-zetY1Q_w7cADR6I1Q&usqp=CAU,M,2016/07/01 8:03:03,"""Padonlaughing@yahoo.com""","""F734FD4FF1214DE59BAB601AA34030D2""",88 Milbrodale Road,sleep more work less,AU
7,"""Pongpop""",2001/05/10,"""https://wallpapercave.com/wp/wp8953919.gif""",https://www.cantifix.co.uk/globalassets/natural-light-5.jpg,M,2016/04/10 9:03:04,"""Pongpoppop@gmail.com""","""BDD5AF62D46F0222F61908A1CFF92F16""",No. 13 Lane 82 Tungkwang Street,gamingggg,TW
8,"""Kanin""",2001/05/03,"""https://telegram.org/file/464001801/4/pPObBDJVv-M.32191.png/9963667389a3218249""",https://www.goturkeytourism.com/assets/img/top-natural-wonders-turkey.jpg,M,2016/08/02 18:25:06,"""Siakanin@cp.co.th""","""1CAED5FFE4571C45A799EA2F89FA2FA5""",Kantorsvägen 13,I am the richest,SE
9,"""Watsapol""",1999/11/18,"""https://images.unsplash.com/photo-1529665253569-6d01c0eaf7b6?ixid=MnwxMjA3fDB8MHxzZWFyY2h8Mnx8cHJvZmlsZXxlbnwwfHwwfHw%3D&ixlib=rb-1.2.1&w=1000&q=80""",https://www.ffa.org/wp-content/uploads/2018/08/1560612THB2515a.jpg,M,2016/12/22 21:03:02,"""Watsapolzarzar@hotmail.com""","""2594475CAE3B6722773D4F480057D113""",ul. Świętokrzyska 25,Hey! ,PL
10,"""Paveena""",2000/10/02,"""https://encrypted-tbn0.gstatic.com/images?q=tbn:ANd9GcSn4zlxJ9vbYp7ld10W073trwNFyWOHHKhDeg&usqp=CAU""",https://cdn-a.william-reed.com/var/wrbm_gb_food_pharma/storage/images/publications/food-beverage-nutrition/foodnavigator.com/news/business/we-will-become-the-number-2-global-player-in-natural-colours-givaudan-talks-ddw-acquisition/12922587-1-eng-GB/We-will-become-the-number-2-global-player-in-natural-colours-Givaudan-talks-DDW-acquisition_wrbm_large.png,F,2016/11/29 7:57:03,"""Paveenaeiei@gmail.com""","""D4B7C284882CA9E208BB65E8ABD5F4C8""",,Love u 4ever,MX